"LATEST_Expiration_Date","PropertyName","Address1","City","County","Total_Units","Restricted_Units","OHCS Funded, Yes?","USDA","HUD","Total_30_AMI_Units","Total_40_AMI_Units","Total_50_AMI_Units","Total_60_AMI_Units","Total_70_AMI_Units","Total_80_AMI_Units","Current Preservation Status"
"2025 Jan 01 12:00:00 AM","Sage Court","12 Sage Court","Hermiston","Umatilla","36","35","true",,,,,,"36",,,"ROFR until 1/1/28"
"2025 Feb 02 12:00:00 AM","ARBOR TERRACE","127 N COLE AVE","MOLALLA","CLACKAMAS","25","25",,"USDA ONLY",,,,,,,,"RD Contract Renewal In Process"
"2025 Apr 10 12:00:00 AM","PORT ORFORD APTS","1250 ARIZONA ST","PORT ORFORD","CURRY","14","11",,"USDA ONLY",,,,,,,,"RD Contract Renewal In Process"
"2025 Apr 26 12:00:00 AM","COLUMBIA VIEW","40 SW WASCO ST","CASCADE LOCKS","HOOD RIVER","12","7",,"USDA ONLY",,,,,,,,"RD Contract Renewal In Process"
"2025 Sep 30 12:00:00 AM","OCHOCO MANOR","601 NW DEER ST","PRINEVILLE","CROOK","28","28",,,"HUD ONLY",,,,,,,"Preservation in Process"
"2025 Nov 30 12:00:00 AM","ABBIE LANE","1011 ABBIE LN","EUGENE","LANE","25","25",,,"HUD ONLY",,,,,,,"HUD Contract Renewal In Process"
"2025 Nov 30 12:00:00 AM","WESTSIDE VILLAGE","2812 W 7TH ST","THE DALLES","WASCO","44","44",,,"HUD ONLY",,,,,,,"HUD Contract Renewal In Process"
"2026 Jan 01 12:00:00 AM","Cherry Blossom","10570 Cherry Blossom Drive","Portland","Multnomah","120","120","true",,,,,,"120",,,"Expiring on 1/1/26"
"2026 Jan 01 12:00:00 AM","Cherry Ridge Apartments","2295 SW Sturges Lane","Troutdale","Multnomah","160","160","true",,,,,,"160",,,"Expiring on 1/1/26"
"2026 Jan 19 12:00:00 AM","Elms Apartments, The","2920 Elm Street","Baker City","Baker","24","23","true",,,,,"6","17",,,"Government Owned"
"2026 Jan 31 12:00:00 AM","FISCHER COURT I","1810 32ND PL NE","SALEM","MARION","48","47",,,"HUD ONLY",,,,,,,
"2026 Mar 31 12:00:00 AM","GREENWOOD MANOR","2248 NE 4TH ST","BEND","DESCHUTES","40","40",,,"HUD ONLY",,,,,,,
"2026 Apr 23 12:00:00 AM","East Hill Village","2301 E 12th Street","The Dalles","Wasco","8","8","true",,,,,"8",,,,
"2026 Apr 30 12:00:00 AM","EVERGREEN COURT","426 UNION ST","JEFFERSON","MARION","12","12",,,"HUD ONLY",,,,,,,"Government Owned"
"2026 Jul 24 12:00:00 AM","Powell Boulevard Apartments","2101 SE POWELL BLVD","PORTLAND","MULTNOMAH","20","20","true",,"Yes",,,"19",,,,
"2026 Aug 31 12:00:00 AM","FISCHER COURT II","3312 SUNNYVIEW RD NE","SALEM","MARION","16","16",,,"HUD ONLY",,,,,,,
"2026 Sep 30 12:00:00 AM","Burnwood Manor","601 Young Street","Woodburn","Marion","28","18","true",,"Yes",,,,,,,
"2026 Oct 31 12:00:00 AM","ISLAND PARK","131 C ST","SPRINGFIELD","LANE","17","17",,,"HUD ONLY",,,,,,,
"2026 Nov 03 12:00:00 AM","CANYON VILLA ESTATES","306 SW C ST","MADRAS","JEFFERSON","19","19",,,"HUD ONLY",,,,,,,
"2026 Nov 30 12:00:00 AM","GOLDEN RAIN","845 NE VICTORIA ST","GRANTS PASS","JOSEPHINE","38","38",,,"HUD ONLY",,,,,,,
"2027 Jan 01 12:00:00 AM","Belmont Dairy","3340 SE Morrison Street","Portland","Multnomah","85","66","true",,,,,,"65",,,
"2027 Jan 01 12:00:00 AM","Bethany Meadows I","16050 NW LAIDLAW RD","Portland","Washington","208","208","true",,,,,,"208",,,
"2027 Jan 01 12:00:00 AM","Floyd Light Apartments","1005 SE 106th Avenue","Portland","Multnomah","51","50","true",,,,,,"23",,,
"2027 Jan 01 12:00:00 AM","Hawthorne Villa Apartments","7709 SW PFAFFLE ST","Tigard","Washington","119","119","true",,,,,,"117",,,
"2027 Jan 01 12:00:00 AM","Pier Park Apartments","8660 Columbia Boulevard","Portland","Multnomah","164","164","true",,,,,,"164",,,
"2027 Jan 01 12:00:00 AM","Sunset Apartments Ontario","82 Sunset Drive","Ontario","Malheur","9","9","true",,,,,,"9",,,
"2027 Jan 31 12:00:00 AM","CAMPUS COURT","4169 CAMPUS LOOP NE","SALEM","MARION","47","47",,,"HUD ONLY",,,,,,,
"2027 Jan 31 12:00:00 AM","CAPITAL MANOR","2420 WILLAKENZIE RD","EUGENE","LANE","36","36",,,"HUD ONLY",,,,,,,
"2027 Jan 31 12:00:00 AM","MARYLHURST","101 W A ST","BURNS","HARNEY","18","18",,,"HUD ONLY",,,,,,,
"2027 Feb 28 12:00:00 AM","HOUSING OPPORTUNITIES","1113 SW VETERANS WAY","REDMOND","DESCHUTES","8","8",,,"HUD ONLY",,,,,,,
"2027 May 06 12:00:00 AM","ONTARIO MANOR I","1367 SW 8TH AVE","ONTARIO","MALHEUR","24","22",,"USDA ONLY",,,,,,,,
"2027 May 21 12:00:00 AM","NYSSA MANOR","510 SW 5TH ST","NYSSA","MALHEUR","19","19",,"USDA ONLY",,,,,,,,
"2027 May 23 12:00:00 AM","Country Squire Apts","6720-6732 SE 72nd Ave","Portland","Multnomah","32","32","true",,,,,,,,"32",
"2027 Jun 17 12:00:00 AM","Coral Avenue SRO","2550 CORAL AVE NE","SALEM","MARION","28","28","true",,,,,"26",,,"2",
"2027 Oct 15 12:00:00 AM","Rose Wood Apartments","4810 NE Sandy Boulevard","Portland","Multnomah","36","36","true",,,,,"21",,,"14",
"2027 Nov 27 12:00:00 AM","Irrigon Farm Labor Housing Project","110 N Main Street","Irrigon","Morrow","8","8","true",,,,,"8",,,,
"2027 Dec 09 12:00:00 AM","East State Street Project","4170 STATE ST","Salem","Marion","5","5","true",,,,,"2","3",,,
"2027 Dec 31 12:00:00 AM","ALOHA PROJECT","4455 SW 184TH AVE","BEAVERTON","WASHINGTON","10","10",,,"HUD ONLY",,,,,,,
"2027 Dec 31 12:00:00 AM","Willow Glen Apartments","1200 Cherry Street","Central Point","Jackson","74","74","true",,,,,,"73",,,"Government Owned"
"2028 Jan 01 12:00:00 AM","Cedarwest Apartments","825 Watt Way","Bend","Deschutes","121","121","true",,,,,,"100",,,
"2028 Jan 01 12:00:00 AM","STADIUM STATION","737 SW 17TH AVE","PORTLAND","MULTNOMAH","115","115",,,,,,,,,,
"2028 Jan 01 12:00:00 AM","Terrace View Apartments","6685 SW Sagert","Tualatin","Washington","100","100","true",,,,,,"99",,,
"2028 Jan 01 12:00:00 AM","Yards at Union Station A","945 NW Naito Parkway","Portland","Multnomah","158","158","true",,,,,,"158",,,"Government Owned"
"2028 Apr 30 12:00:00 AM","MILLWOOD MANOR","2550 14TH AVE SE","ALBANY","LINN","46","46",,,"HUD ONLY",,,,,,,
"2028 Aug 07 12:00:00 AM","Parkview Village Apartments Ontario","986 NW 4th Street","Ontario","Malheur","48","48","true",,,,,"56","38",,,"Government Owned"
"2028 Aug 15 12:00:00 AM","MLK-Wygant Housing","4710 NE MLK Boulevard","Portland","Multnomah","38","38","true",,,,,"8",,,,
"2028 Sep 30 12:00:00 AM","GLENWOOD MANOR","1687 NW DIVISION ST","CORVALLIS","BENTON","60","60",,,"HUD ONLY",,,,,,,
"2028 Sep 30 12:00:00 AM","OAK PARK VILLAGE","1011 N 10TH AVE","STAYTON","MARION","32","32",,,"HUD ONLY",,,,,,,
"2028 Dec 11 12:00:00 AM","Cascade Heights-Union Station","2451 UNION AVE","KLAMATH FALLS","KLAMATH","13","9","true",,,,,"4",,,,"Government Owned"
"2028 Dec 29 12:00:00 AM","Manzanita","540 NW Manzanita Avenue","Grants Pass","Josephine","7","7","true",,,,,"5","2",,,
"2029 Jan 01 12:00:00 AM","Berry Ridge Apartments","2711 W Powell Boulevard","Gresham","Multnomah","248","248","true",,,,,,"248",,,
"2029 Jan 01 12:00:00 AM","Bethany Meadows II","15817 NW Athens Drive","Portland","Washington","132","132","true",,,,,,"132",,,
"2029 Jan 01 12:00:00 AM","FIFTH AVENUE PLACE APTS","314 NW 5TH AVE","PORTLAND","MULTNOMAH","70","70",,,,,,,,,,
"2029 Jan 01 12:00:00 AM","Hudsons Pointe Apartments","1021 S DOWNING ST","Seaside","Clatsop","31","30","true",,,,,,"31",,,
"2029 Jan 01 12:00:00 AM","Linc245 (fka Village at Lovejoy Fountain)","245 SW LINCOLN ST","Portland","Multnomah","198","197","true",,,,,"40",,,,
"2029 Jan 01 12:00:00 AM","St Anthony Village","3560 SE 79th Street","Portland","Multnomah","127","106","true",,,,,,"100",,,
"2029 Jan 01 12:00:00 AM","YARDS AT UNION STATION B","945 NW NAITO PKWY","PORTLAND","MULTNOMAH","321","128",,,,,,,,,,
"2029 Jan 31 12:00:00 AM","GOOD SHEPHERD I","2843 NE LIBERTY ST","PORTLAND","MULTNOMAH","5","5",,,"HUD ONLY",,,,,,,
"2029 Jan 31 12:00:00 AM","GOOD SHEPHERD II","5717 NE SIMPSON ST","PORTLAND","MULTNOMAH","5","5",,,"HUD ONLY",,,,,,,
"2029 Jan 31 12:00:00 AM","ROSEBURG PROJECT","2937 W JAY AVE","ROSEBURG","DOUGLAS","10","10",,,"HUD ONLY",,,,,,,
"2029 Mar 17 12:00:00 AM","Holly Court Apartments","240 N Holly Street","Medford","Jackson","8","8","true",,,,,"8",,,,
"2029 Mar 31 12:00:00 AM","GOLDEN AGE MANOR I","289 SW C ST","MADRAS","JEFFERSON","8","8",,,"HUD ONLY",,,,,,,
"2029 Jun 01 12:00:00 AM","Village Garden Apartments","15230 NE Sandy Boulevard","Portland","Multnomah","35","35","true",,,,,,"59",,,
"2029 Jun 30 12:00:00 AM","Meadow Creek Retirement Center","2551 Edenbower Boulevard","Roseburg","Douglas","23","23","true",,"Yes",,,,,,,
"2029 Jul 31 12:00:00 AM","HAWTHORNE PARK","3400 HAWTHORNE AVE","EUGENE","LANE","30","20",,,"HUD ONLY",,,,,,,
"2029 Jul 31 12:00:00 AM","ROSEWOOD TERRACE","625 ALAMEDA DR","ONTARIO","MALHEUR","35","35",,,"HUD ONLY",,,,,,,
"2029 Aug 18 12:00:00 AM","Sandvig House","10313 SW 69TH AVE","Tigard","Washington","16","16","true",,,,,"16",,,,
"2029 Aug 31 12:00:00 AM","GOLDEN AGE MANOR II","289 SW C ST","MADRAS","JEFFERSON","16","16",,,"HUD ONLY",,,,,,,
"2029 Sep 28 12:00:00 AM","SHOREVIEW GARDENS","520 11TH ST","GOLD BEACH","CURRY","9","7",,"USDA ONLY",,,,,,,,
"2029 Sep 30 12:00:00 AM","SORGENFRI","3400 HAWTHORNE AVE","EUGENE","LANE","94","94",,,"HUD ONLY",,,,,,,
"2029 Oct 08 12:00:00 AM","ONTARIO MANOR II","1367 SW 8TH AVE","ONTARIO","MALHEUR","24","23",,"USDA ONLY",,,,,,,,
"2029 Nov 25 12:00:00 AM","COUNTRYWOOD MANOR","217 SE LACREOLE DR","DALLAS","POLK","49","46",,"USDA ONLY",,,,,,,,
"2029 Nov 30 12:00:00 AM","Park Rose Apartments","2078 6th Avenue SE","Albany","Linn","13","13","true",,,,,"6","7",,,
"2029 Dec 02 12:00:00 AM","ERIC PARK","292 OAK ST","JUNCTION CITY","LANE","20","20",,"USDA ONLY",,,,,,,,
"2029 Dec 15 12:00:00 AM","Lafayette Court Apartments","8714 SE Lafayette Street","Portland","Multnomah","32","15","true",,,,,"14",,,,
"2029 Dec 23 12:00:00 AM","FOUNTAIN COURT APTS","225 FOUNTAIN ST","HARRISBURG","LINN","5","5",,"USDA ONLY",,,,,,,,
"2029 Dec 30 12:00:00 AM","ROSE","805 SE STEPHENS ST","ROSEBURG","DOUGLAS","40","40",,,"HUD ONLY",,,,,,,
"2030 Jan 01 12:00:00 AM","Briarcreek Apartments","1008 NW Briarcreek Way","Hillsboro","Washington","216","216","true",,,,,,"216",,,
"2030 Jan 01 12:00:00 AM","Collins Circle","1701 SW Columbia Street","Portland","Multnomah","124","52","true",,,,,,"52",,,
"2030 Jan 01 12:00:00 AM","Rose Villa Apartments","2525 NE Stephens Street","Roseburg","Douglas","91","91","true",,,,,,"56",,"35",
"2030 Jan 01 12:00:00 AM","Wiedemann Park Apartments","29940 SW Brown Road","Wilsonville","Clackamas","58","58","true",,,,,"18","40",,,"Government Owned"
"2030 Mar 16 12:00:00 AM","Kearney Avenue Apartments","435 NE KEARNEY AVE","Bend","Deschutes","10","10","true",,,,,"10",,,,
"2030 Mar 31 12:00:00 AM","FOREST MANOR I","2141 QUINCE ST","FOREST GROVE","WASHINGTON","28","19",,,"HUD ONLY",,,,,,,
"2030 Mar 31 12:00:00 AM","FOREST MANOR II","2141 QUINCE ST","FOREST GROVE","WASHINGTON","6","6",,,"HUD ONLY",,,,,,,
"2030 Mar 31 12:00:00 AM","LAKE PARK TOWERS","203 N MAIN ST","KLAMATH FALLS","KLAMATH","39","39",,,"HUD ONLY",,,,,,,
"2030 Mar 31 12:00:00 AM","PINEWOOD MANOR","225 NW 6TH ST","NEWPORT","LINCOLN","45","35",,,"HUD ONLY",,,,,,,
"2030 Mar 31 12:00:00 AM","SURFWOOD MANOR","4629 SW HIGHWAY 101","LINCOLN CITY","LINCOLN","48","48",,,"HUD ONLY",,,,,,,
"2030 May 22 12:00:00 AM","LAKESIDE GARDEN APT","1534 ARIZONA ST","PORT ORFORD","CURRY","12","8",,"Yes","Yes",,,,,,,
"2030 Jun 15 12:00:00 AM","Fifth Avenue Court","221 NW Fifth  Avenue","Portland","Multnomah","96","39","true",,,,,,"78",,,
"2030 Jul 31 12:00:00 AM","LAWRENCE COURT","377 W 8TH AVE","EUGENE","LANE","51","51",,,"HUD ONLY",,,,,,,
"2030 Aug 23 12:00:00 AM","SMALLWOOD","1300 E MAIN ST","HILLSBORO","WASHINGTON","18","17",,,"HUD ONLY",,,,,,,
"2030 Sep 01 12:00:00 AM","Tualatin Meadows","18755 SW 90th Avenue","Tualatin","Washington","240","240","true",,,,,,"240",,,
"2030 Sep 30 12:00:00 AM","FOREST VILLA","2131 QUINCE ST","FOREST GROVE","WASHINGTON","84","84",,,"HUD ONLY",,,,,,,
"2030 Sep 30 12:00:00 AM","Lake Crest Apartments","8106 SE Lake Road","Milwaukie","Clackamas","229","98","true",,,,,,"227",,,
"2030 Sep 30 12:00:00 AM","MYERS COURT","2600 N WILLIAMS AVE","PORTLAND","MULTNOMAH","20","19",,,"HUD ONLY",,,,,,,
"2030 Nov 13 12:00:00 AM","Emmas Place","335 NE Quimby Avenue","Bend","Deschutes","11","11","true",,,,,"11",,,,"Government Owned"
"2030 Nov 14 12:00:00 AM","Hammond House","29833 Airport Way","Gold Beach","Curry","8","8","true",,,,,"8",,,,
"2030 Nov 15 12:00:00 AM","FAULKNER PLACE","13319 SE POWELL BLVD","PORTLAND","MULTNOMAH","16","9",,,,,,,,,,
"2030 Nov 30 12:00:00 AM","Fox Pointe Apartments","4616 SE Roethe Road","Milwaukie","Clackamas","96","96","true",,,,,,"96",,,
"2030 Dec 15 12:00:00 AM","Clackamas Apartments NCGC 45","15125 SE 90th","Clackamas","Clackamas","20","20","true",,,,,"20",,,,"Government Owned"
"2030 Dec 31 12:00:00 AM","Cottage Apartments","940 E Jefferson St","Stayton","Marion","17","17","true",,,,,,,,"9",
"2030 Dec 31 12:00:00 AM","Enclave 54","5434 SE Milwaukie Ave","Portland","Multnomah","28","28","true",,,,,,,,"10",
"2030 Dec 31 12:00:00 AM","Studio Pointe Apts (fka Ellis Apts)","5603 SE Milwaukie Ave","Portland","Clackamas","30","30","true",,,,,,,,"15",
"2031 Jan 12 12:00:00 AM","A Street Apts","145 A Street","Springfield","Lane","12","12","true",,,,"12",,,,,
"2031 Jan 24 12:00:00 AM","Shelly's House","966 CAPITOL ST NE","Salem","Marion","6","6","true",,,,,"6",,,,
"2031 Mar 20 12:00:00 AM","Mallard Heights Apartments","870 N 15TH AVE","Elgin","Union","11","11","true",,,,,"6","5",,,
"2031 May 15 12:00:00 AM","ROSE PARK APTS","179 SW 7TH ST","DUNDEE","YAMHILL","45","9",,,,,,,,,,
"2031 Jun 15 12:00:00 AM","Ramsey Place","324 SW Ramsey","Grants Pass","Josephine","11","4","true",,,,,"4",,,,
"2031 Jun 20 12:00:00 AM","Whispering Pines Senior Village","525 NW 6TH AVE","ESTACADA","CLACKAMAS","63","62","true",,"Yes",,,"62",,,,
"2031 Jun 27 12:00:00 AM","FOUR OAKS","428 W 4TH ST","MEDFORD","JACKSON","7","7",,,,,,,,,,
"2031 Jul 15 12:00:00 AM","BARBARA ROBERTS","5009 NE KILLINGSWORTH ST","PORTLAND","MULTNOMAH","10","5",,,,,,,,,,
"2031 Jul 31 12:00:00 AM","EMILIE HOUSE","5520 NE GLISAN ST","PORTLAND","MULTNOMAH","41","40",,,"HUD ONLY",,,,,,,
"2031 Jul 31 12:00:00 AM","ME RE CENTER","12309 SE BUSH ST","PORTLAND","MULTNOMAH","10","10",,,"HUD ONLY",,,,,,,
"2031 Jul 31 12:00:00 AM","PINES I","110 SE 188TH AVE","PORTLAND","MULTNOMAH","47","47",,,"HUD ONLY",,,,,,,
"2031 Jul 31 12:00:00 AM","PINES II","110 SE 188TH AVE","PORTLAND","MULTNOMAH","13","13",,,"HUD ONLY",,,,,,,
"2031 Aug 12 12:00:00 AM","Owens-Adair Building","1508 Exchange Street","Astoria","Clatsop","46","46","true",,"Yes","46",,,,,,
"2031 Aug 15 12:00:00 AM","CREEKSIDE PARK DUPLEXES","1080 WASHINGTON ST","AUMSVILLE","MARION","8","8",,,,,,,,,,"Government Owned"
"2031 Aug 26 12:00:00 AM","COVERED BRIDGE ESTATE","501 N MOSS ST","LOWELL","LANE","15","12",,"USDA ONLY",,,,,,,,
"2031 Aug 31 12:00:00 AM","MCCARTHY PLACE","959 NE 165TH AVE","PORTLAND","MULTNOMAH","10","10",,,"HUD ONLY",,,,,,,
"2031 Sep 15 12:00:00 AM","BLUERIDGE APARTMENT","317 HART ST","WINSTON","DOUGLAS","71","35",,"Yes","Yes",,,,,,,
"2031 Oct 23 12:00:00 AM","Pisgah Home Colony","7511 SE Henry Street","Portland","Multnomah","18","31","true",,,,,"16",,,,
"2031 Nov 19 12:00:00 AM","Ramo Flat Apartments","1091 S MAIN ST","Union","Union","11","11","true",,,,,"6","5",,,
"2032 Jan 01 12:00:00 AM","Lancaster Terrace Apartments","4510 Newcastle Circle NE","Salem","Marion","104","104","true",,,,,,"104",,,
"2032 Mar 31 12:00:00 AM","HOLLISTER APTS","315 W HOLLISTER ST","STAYTON","MARION","20","20",,,"HUD ONLY",,,,,,,
"2032 Apr 13 12:00:00 AM","MARY SKINNER APTS","335 W 2ND AVE","EUGENE","LANE","40","40",,,,,,,,,,
"2032 Apr 13 12:00:00 AM","Willows, The  (fka OHA Apartments)","300 SE M Street","Grants Pass","Josephine","10","10","true",,"Yes",,,"10",,,,
"2032 Jun 15 12:00:00 AM","Vista Apartments","1446 - 1454 Vista Avenue SE","Salem","Marion","12","12","true",,,,,"3",,,,
"2032 Sep 30 12:00:00 AM","COBURG ROAD","1121 COBURG RD","EUGENE","LANE","35","35",,,"HUD ONLY",,,,,,,
"2032 Nov 15 12:00:00 AM","Project Open Door","815 NE 162nd","Gresham","Multnomah","13","9","true",,,,,"3",,,,"Government Owned"
"2032 Nov 18 12:00:00 AM","PE PEEP AAK","502 S CHARLEY AVE","CHILOQUIN","KLAMATH","14","14",,"USDA ONLY",,,,,,,,"Government Owned"
"2032 Dec 15 12:00:00 AM","Mariner Heights","230 NW 1st Street","Newport","Lincoln","16","16","true",,,,,"4","7",,"5","Government Owned"
"2032 Dec 26 12:00:00 AM","GATEWAY VILLAGE","203 DATE ST","DRAIN","DOUGLAS","14","12",,"USDA ONLY",,,,,,,,"Government Owned"
"2032 Dec 31 12:00:00 AM","Casa de Alma","3050 GILHOULEY RD","Hood River","Hood River","20","20","true",,,,,"20",,,,
"2032 Dec 31 12:00:00 AM","Valley Pines Apartments","645 Royal Ave","Medford","Jackson","120","120","true",,,,,,"120",,,
"2033 Jan 01 12:00:00 AM","Garden Park Estates","3140 SE 136th","Portland","Multnomah","63","63","true",,,,,,"62",,,
"2033 Jan 01 12:00:00 AM","St Monica","139 Apple Blossom Ave N","Keizer","Marion","12","12","true",,,,,"6",,,,
"2033 Jan 15 12:00:00 AM","May Lane Apartments","2504 May Lane","La Grande","Union","10","10","true",,,,,"10",,,,"Government Owned"
"2033 Jan 15 12:00:00 AM","William Ware Residence","910 JEFFERSON ST","Eugene","Lane","6","6","true",,,,,"6",,,,
"2033 Jan 31 12:00:00 AM","Kingstone Square","1007 Ehrgood Avenue","Nyssa","Malheur","10","10","true",,"Yes",,,,,,,
"2033 Feb 05 12:00:00 AM","Turning Point","6552 SW 19th Avenue","Portland","Multnomah","24","24","true",,,,,"24",,,,"Government Owned"
"2033 Feb 23 12:00:00 AM","FOXWOOD","1074 W ORCHARD AVE","HERMISTON","UMATILLA","60","54",,"USDA ONLY",,,,,,,,"Government Owned"
"2033 Feb 26 12:00:00 AM","Yaquina Breeze Apartments","5920 NW Gladys Street","Newport","Lincoln","9","9","true",,,,,"9",,,,
"2033 Mar 24 12:00:00 AM","Dresden Apartments","2545 E BURNSIDE ST","Portland","Multnomah","30","30","true",,,,,"30",,,,
"2033 May 20 12:00:00 AM","Bay Bridge","183 NORMAN AVE","COOS BAY","COOS","21","21","true",,"Yes",,,"21",,,,
"2033 Jun 15 12:00:00 AM","Aspen Court","738 Center Street","Lakeview","Lake","16","16","true",,,,,"4","7",,"5","Government Owned"
"2033 Jun 15 12:00:00 AM","Eldon Court Apartments","1645 Eldon Street","Baker City","Baker","10","10","true",,,,,"10",,,,"Government Owned"
"2033 Jul 18 12:00:00 AM","SISKIYOU VILLAGE","310 LISTER ST","CAVE JUNCTION","JOSEPHINE","20","20",,"USDA ONLY",,,,,,,,
"2033 Jul 31 12:00:00 AM","Glynn Terrace (fka Helens View/Wallula)","360 SW 6TH ST","GRESHAM","MULTNOMAH","30","30","true",,,,,"30",,,,
"2033 Sep 30 12:00:00 AM","Willows, The","365 NW ADAMS AVE","HILLSBORO","WASHINGTON","10","8","true",,"Yes",,,"10",,,,
"2033 Oct 31 12:00:00 AM","RIVERSIDE MANOR","995 MANOR WAY","ONTARIO","MALHEUR","31","31",,,"HUD ONLY",,,,,,,
"2033 Nov 15 12:00:00 AM","Gateway Park Apartments","510 NE 100th Avenue","Portland","Multnomah","144","144","true",,,,,,"144",,,
"2033 Dec 30 12:00:00 AM","Clover Glen Apartments","2212 Cove Avenue","La Grande","Union","43","38","true",,,,,"44",,,,
"2033 Dec 31 12:00:00 AM","Bluffs Apartments, The","340 SW Rimrock Way","Redmond","Deschutes","96","96","true",,,,,,"96",,,
"2033 Dec 31 12:00:00 AM","DONALD E. LEWIS RETIREMENT CENTER","500 YMCA WAY","ASHLAND","JACKSON","40","40",,,"HUD ONLY",,,,,,,
"2033 Dec 31 12:00:00 AM","ROSS KNOTTS RETIREMENT CENTER","2874 CREEKSIDE CIR","MEDFORD","JACKSON","50","50",,,"HUD ONLY",,,,,,,
"2034 Jan 01 12:00:00 AM","GATEWAY COMMONS","181 SE 18TH AVE","HILLSBORO","WASHINGTON","138","138",,,,,,,,,,
"2034 Jan 01 12:00:00 AM","Gateway Commons Apts","225 SE 18th Avenue","Hillsboro","Washington","138","138","true",,,,,"2","134",,,
"2034 Jan 01 12:00:00 AM","Walnut Park Duplexes","1366-1397 Keller Street","Eugene","Lane","32","31","true",,,,,"31",,,,
"2034 Jan 15 12:00:00 AM","Benton Plaza","408 SW Monroe Avenue","Corvallis","Benton","53","11","true",,,,,"11",,,"42",
"2034 Jan 31 12:00:00 AM","ROSENBAUM PLAZA","1218 SW WASHINGTON ST","PORTLAND","MULTNOMAH","76","76",,,"HUD ONLY",,,,,,,"Government Owned"
"2034 Feb 28 12:00:00 AM","UHLHORN","689 W 13TH AVE","EUGENE","LANE","20","20",,,"HUD ONLY",,,,,,,
"2034 Feb 28 12:00:00 AM","UNTHANK PLAZA","2500 N WILLIAMS AVE","PORTLAND","MULTNOMAH","80","80",,,"HUD ONLY",,,,,,,"Government Owned"
"2034 Mar 29 12:00:00 AM","ECHANIE COURT","35435 TOHL AVE","NEHALEM","TILLAMOOK","12","12",,"USDA ONLY",,,,,,,,"Government Owned"
"2034 Apr 06 12:00:00 AM","Celilo Gardens","3120 Old Dufur Road","The Dalles","Wasco","6","6","true",,,"6",,,,,,
"2034 Apr 15 12:00:00 AM","Buckman Heights","430 NE 16th Avenue","Portland","Multnomah","144","144","true",,,,,,"118",,,
"2034 May 02 12:00:00 AM","PACIFIC VIEW I","1223 MOORE ST","BROOKINGS","CURRY","16","15",,"USDA ONLY",,,,,,,,
"2034 Jun 16 12:00:00 AM","Blackberry Knoll","2149 N Hills Drive","Grants Pass","Josephine","12","11","true",,"Yes",,,"12",,,,
"2034 Jun 25 12:00:00 AM","FOREST VILLAGE APTS","2799 FRONTAGE RD","REEDSPORT","DOUGLAS","24","22",,"USDA ONLY",,,,,,,,"Government Owned"
"2034 Jun 28 12:00:00 AM","Aquarius Apts","1490 N 5th Street","Springfield","Lane","26","26","true",,,,,"11",,,"13",
"2034 Jun 30 12:00:00 AM","Samaritan Village","285 NW 35th Street","Corvallis","Benton","84","25","true",,"Yes",,,,,,,
"2034 Jul 31 12:00:00 AM","LUTHER SQUARE RETIREMENT VILLAGE","2314 HOMEDALE RD","KLAMATH FALLS","KLAMATH","30","30",,,"HUD ONLY",,,,,,,
"2034 Jul 31 12:00:00 AM","RAINBOW VILLAGE","1250 RAINBOW DR","SPRINGFIELD","LANE","80","60",,,"HUD ONLY",,,,,,,
"2034 Aug 31 12:00:00 AM","EIGHTH STREET","20 S 8TH ST","CENTRAL POINT","JACKSON","10","10",,,"HUD ONLY",,,,,,,
"2034 Oct 06 12:00:00 AM","FARMDALE","1219 W LINCOLN ST","WOODBURN","MARION","44","44",,"USDA ONLY",,,,,,,,"Government Owned"
"2034 Oct 15 12:00:00 AM","Greenbriar Apartments","250 S Locust Street","Canby","Clackamas","86","86","true",,,,,,"86",,,
"2034 Oct 31 12:00:00 AM","BROOKSIDE MANOR","1600C ELDON AVE","BAKER CITY","BAKER","20","20",,,"HUD ONLY",,,,,,,
"2034 Nov 30 12:00:00 AM","MULBERRY COURT","2120 TABLE ROCK RD","MEDFORD","JACKSON","30","30",,,,,,,,,,
"2034 Dec 07 12:00:00 AM","Clinton Street Apartments (aka Dual Diagnoisis)","9268 SE Clinton Street","Portland","Multnomah","16","8","true",,,,,"16",,,,
"2034 Dec 20 12:00:00 AM","Lakeview Village","1741 Newmark","Coos Bay","Coos","16","16","true",,,"8","8",,,,,
"2034 Dec 23 12:00:00 AM","Hopewell Apartments","1252 SW Cheltenham Street","Portland","Multnomah","12","11","true",,"Yes",,,"12",,,,
"2035 Jan 01 12:00:00 AM","Canby Village","488 NW 6th Street","Canby","Clackamas","52","52","true",,,,,"38","14",,,
"2035 Jan 01 12:00:00 AM","Indian Creek Village","1585 9th Court","Hood River","Hood River","56","56","true",,,,,,"56",,,
"2035 Jan 01 12:00:00 AM","Portsmouth Commons","4775 N Lombard St","Portland","Multnomah","20","20",,,,,,,,,,
"2035 Jan 01 12:00:00 AM","Powell Plaza I","13320-1 SE Powell Boulevard","Portland","Multnomah","47","47","true",,"Yes",,,,"46",,,
"2035 Jan 01 12:00:00 AM","Powell Plaza II","13320-3 SE Powell Boulevard","Portland","Multnomah","20","20","true",,"Yes",,,,"20",,,
"2035 Jan 01 12:00:00 AM","QUAIL COURT APTS","800 S IMPERIAL AVE","BURNS","HARNEY","40","39",,,,,,,,,,
"2035 Jan 12 12:00:00 AM","Terwilliger Plaza","225 SW 5TH ST","PENDLETON","UMATILLA","20","19","true",,"Yes",,,"20",,,,
